{
  "code": 0,
  "msg": "",
  "count": 13,
  "data": [
    {
      "authorityId": 1,
      "authorityName": "系统管理",
      "authority": null,
      "menuUrl": null,
      "parentId": -1,
      "isMenu": 0,
      "orderNumber": 1,
      "menuIcon": "layui-icon layui-icon-set",
      "createTime": "2019/03/29 16:38:03",
      "updateTime": "2019/03/29 16:38:03"
    },
    {
      "authorityId": 2,
      "authorityName": "用户管理",
      "authority": null,
      "menuUrl": "system/user",
      "parentId": 1,
      "isMenu": 0,
      "orderNumber": 2,
      "menuIcon": null,
      "createTime": "2019/03/29 16:38:03",
      "updateTime": "2019/03/29 16:38:03"
    },
    {
      "authorityId": 3,
      "authorityName": "查看用户",
      "authority": "user:view",
      "menuUrl": null,
      "parentId": 2,
      "isMenu": 1,
      "orderNumber": 3,
      "menuIcon": null,
      "createTime": "2019/03/29 16:38:03",
      "updateTime": "2019/03/29 16:38:03"
    },
    {
      "authorityId": 4,
      "authorityName": "更新用户",
      "authority": "user:update",
      "menuUrl": null,
      "parentId": 2,
      "isMenu": 1,
      "orderNumber": 4,
      "menuIcon": null,
      "createTime": "2019/03/29 16:38:03",
      "updateTime": "2019/03/29 16:38:03"
    },
    {
      "authorityId": 5,
      "authorityName": "角色管理",
      "authority": null,
      "menuUrl": "system/role",
      "parentId": 1,
      "isMenu": 0,
      "orderNumber": 5,
      "menuIcon": null,
      "createTime": "2019/03/29 16:38:03",
      "updateTime": "2019/03/29 16:38:03"
    },
    {
      "authorityId": 6,
      "authorityName": "查看角色",
      "authority": "role:view",
      "menuUrl": null,
      "parentId": 5,
      "isMenu": 1,
      "orderNumber": 6,
      "menuIcon": null,
      "createTime": "2019/03/29 16:38:03",
      "updateTime": "2019/03/29 16:38:03"
    },
    {
      "authorityId": 7,
      "authorityName": "更新角色",
      "authority": "role:update",
      "menuUrl": null,
      "parentId": 5,
      "isMenu": 1,
      "orderNumber": 7,
      "menuIcon": null,
      "createTime": "2019/03/29 16:38:03",
      "updateTime": "2019/03/29 16:38:03"
    },
    {
      "authorityId": 8,
      "authorityName": "权限管理",
      "authority": null,
      "menuUrl": "system/authorities",
      "parentId": 1,
      "isMenu": 0,
      "orderNumber": 8,
      "menuIcon": null,
      "createTime": "2019/03/29 16:38:03",
      "updateTime": "2019/03/29 16:38:03"
    },
    {
      "authorityId": 9,
      "authorityName": "查看权限",
      "authority": "authorities:view",
      "menuUrl": null,
      "parentId": 8,
      "isMenu": 1,
      "orderNumber": 9,
      "menuIcon": null,
      "createTime": "2019/03/29 16:38:03",
      "updateTime": "2019/03/29 16:38:03"
    },
    {
      "authorityId": 10,
      "authorityName": "更新权限",
      "authority": "authorities:update",
      "menuUrl": null,
      "parentId": 8,
      "isMenu": 1,
      "orderNumber": 10,
      "menuIcon": null,
      "createTime": "2019/03/29 16:38:03",
      "updateTime": "2019/03/29 16:38:03"
    },
    {
      "authorityId": 11,
      "authorityName": "登录日志",
      "authority": "loginRecord:view",
      "menuUrl": "system/loginRecord",
      "parentId": 1,
      "isMenu": 0,
      "orderNumber": 11,
      "menuIcon": null,
      "createTime": "2019/03/29 16:38:03",
      "updateTime": "2019/03/29 16:38:03"
    },
    {
      "authorityId": 12,
      "authorityName": "系统监控",
      "authority": "",
      "menuUrl": "",
      "parentId": -1,
      "isMenu": 0,
      "orderNumber": 12,
      "menuIcon": "layui-icon layui-icon-engine",
      "createTime": "2019/03/29 16:38:03",
      "updateTime": "2019/03/29 16:38:03"
    },
    {
      "authorityId": 13,
      "authorityName": "Druid监控",
      "authority": "",
      "menuUrl": "druid",
      "parentId": 12,
      "isMenu": 0,
      "orderNumber": 13,
      "menuIcon": "",
      "createTime": "2019/03/29 16:38:03",
      "updateTime": "2019/03/29 16:38:03"
    }
  ]
}