{
  "code": 0,
  "msg": "",
  "count": 5,
  "data": [
    {
      "id": 1,
      "name": "吴向辉",
      "department": "研发部",
      "position": "前端工程师",
      "summary": "完成了一个页面",
      "plan": "完成下一个页面",
      "comments": "无法重现",
      "state": 0,
      "createTime": "2019/03/29 16:38:03",
      "img1": "https://pic.qqtn.com/up/2018-9/15367146917869444.jpg",
      "img2": "https://pic.qqtn.com/up/2018-9/15367146917869444.jpg",
      "img3": "https://pic.qqtn.com/up/2018-9/15367146917869444.jpg"
    },
    {
      "id": 2,
      "name": "俞俊丞",
      "department": "研发部",
      "position": "开发工程师",
      "summary": "解决了一个bug",
      "plan": "配合测试",
      "comments": "设计如此",
      "state": 1,
      "createTime": "2019/03/29 16:38:03",
      "img1": "https://pic.qqtn.com/up/2018-9/15367146917869444.jpg",
      "img2": "https://pic.qqtn.com/up/2018-9/15367146917869444.jpg",
      "img3": "https://pic.qqtn.com/up/2018-9/15367146917869444.jpg"
    },
    {
      "id": 3,
      "name": "沙喜",
      "department": "研发部",
      "position": "开发工程师",
      "summary": "解决了一个bug",
      "plan": "配合测试",
      "comments": "外部原因",
      "state": 1,
      "createTime": "2019/03/29 16:38:03",
      "img1": "https://pic.qqtn.com/up/2018-9/15367146917869444.jpg",
      "img2": "https://pic.qqtn.com/up/2018-9/15367146917869444.jpg",
      "img3": "https://pic.qqtn.com/up/2018-9/15367146917869444.jpg"
    },
    {
      "id": 4,
      "name": "邵玉飞",
      "department": "研发部",
      "position": "开发工程师",
      "summary": "解决了一个bug",
      "plan": "配合测试",
      "comments": "无法重现",
      "state": 1,
      "createTime": "2019/03/29 16:38:03",
      "img1": "https://pic.qqtn.com/up/2018-9/15367146917869444.jpg",
      "img2": "https://pic.qqtn.com/up/2018-9/15367146917869444.jpg",
      "img3": "https://pic.qqtn.com/up/2018-9/15367146917869444.jpg"
    },
    {
      "id": 5,
      "name": "闵涛",
      "department": "测试部",
      "position": "测试工程师",
      "summary": "发现了一个bug",
      "plan": "集成测试",
      "comments": "与设计不符",
      "state": 1,
      "createTime": "2019/03/29 16:38:03",
      "img1": "https://pic.qqtn.com/up/2018-9/15367146917869444.jpg",
      "img2": "https://pic.qqtn.com/up/2018-9/15367146917869444.jpg",
      "img3": "https://pic.qqtn.com/up/2018-9/15367146917869444.jpg"
    }
  ]
}