{
  "status": {
    "code": 200,
    "message": "操作成功"
  },
  "data": [
    {
      "id": "100001",
      "title": "总公司",
      "children": [
        {
          "id": "100002",
          "title": "人力资源部",
          "children": [
            {
              "id": "100003",
              "title": "人事经理"
            },
            {
              "id": "100004",
              "title": "前台接待"
            },
            {
              "id": "100005",
              "title": "行政文员"
            }
          ]
        },
        {
          "id": "100006",
          "title": "财务部",
          "children": [
            {
              "id": "100007",
              "title": "财务部经理"
            },
            {
              "id": "100008",
              "title": "出纳"
            },
            {
              "id": "100009",
              "title": "会计"
            }
          ]
        },
        {
          "id": "100010",
          "title": "研发部",
          "children": [
            {
              "id": "100011",
              "title": "产品经理"
            },
            {
              "id": "100012",
              "title": "项目经理"
            },
            {
              "id": "100013",
              "title": "程序员"
            }
          ]
        },
        {
          "id": "100014",
          "title": "销售部",
          "children": [
            {
              "id": "100015",
              "title": "销售部主管"
            },
            {
              "id": "100016",
              "title": "销售部职员"
            }
          ]
        },
        {
          "id": "100017",
          "title": "市场部",
          "children": [
            {
              "id": "100018",
              "title": "市场部经理"
            },
            {
              "id": "100019",
              "title": "市场部职员"
            }
          ]
        },
        {
          "id": "100020",
          "title": "客服部",
          "children": [
            {
              "id": "100021",
              "title": "客服主管"
            },
            {
              "id": "100022",
              "title": "客服部职员"
            }
          ]
        }
      ]
    }
  ]
}