{
  "code": 0,
  "msg": "",
  "count": 200,
  "data": [
    {
      "nickName": "用户1",
      "createTime": "2018/07/22 10:03:40",
      "state": 0,
      "sex": "女",
      "phone": "0123456781",
      "roles": [
        {
          "roleName": "普通用户"
        }
      ]
    },
    {
      "nickName": "用户2",
      "createTime": "2018/07/23 10:03:40",
      "state": 1,
      "sex": "女",
      "phone": "0123456782",
      "roles": [
        {
          "roleName": "游客"
        }
      ]
    },
    {
      "nickName": "用户3",
      "createTime": "2018/07/24 10:03:40",
      "state": 0,
      "sex": "男",
      "phone": "0123456783",
      "roles": [
        {
          "roleName": "普通用户"
        }
      ]
    },
    {
      "nickName": "用户4",
      "createTime": "2018/07/25 10:03:40",
      "state": 0,
      "sex": "女",
      "phone": "0123456784",
      "roles": [
        {
          "roleName": "管理员"
        },
        {
          "roleName": "游客"
        }
      ]
    },
    {
      "nickName": "用户5",
      "createTime": "2018/07/26 10:03:40",
      "state": 1,
      "sex": "男",
      "phone": "0123456785",
      "roles": [
        {
          "roleName": "游客"
        }
      ]
    },
    {
      "nickName": "用户6",
      "createTime": "2018/07/27 10:03:40",
      "state": 0,
      "sex": "女",
      "phone": "0123456786",
      "roles": [
        {
          "roleName": "普通用户"
        },
        {
          "roleName": "游客"
        }
      ]
    },
    {
      "nickName": "用户7",
      "createTime": "2018/07/28 10:03:40",
      "state": 1,
      "sex": "女",
      "phone": "0123456787",
      "roles": [
        {
          "roleName": "普通用户"
        }
      ]
    },
    {
      "nickName": "用户8",
      "createTime": "2018/07/29 10:03:40",
      "state": 0,
      "sex": "男",
      "phone": "0123456788",
      "roles": [
        {
          "roleName": "普通用户"
        }
      ]
    },
    {
      "nickName": "用户9",
      "createTime": "2018/07/30 10:03:40",
      "state": 1,
      "sex": "女",
      "phone": "0123456789",
      "roles": [
        {
          "roleName": "管理员"
        },
        {
          "roleName": "游客"
        }
      ]
    },
    {
      "nickName": "用户10",
      "createTime": "2018/07/31 10:03:40",
      "state": 0,
      "sex": "女",
      "phone": "01234567810",
      "roles": [
        {
          "roleName": "普通用户"
        }
      ]
    },
    {
      "nickName": "用户11",
      "createTime": "2018/08/01 10:03:40",
      "state": 0,
      "sex": "男",
      "phone": "01234567811",
      "roles": [
        {
          "roleName": "管理员"
        },
        {
          "roleName": "普通用户"
        }
      ]
    },
    {
      "nickName": "用户12",
      "createTime": "2018/08/02 10:03:40",
      "state": 0,
      "sex": "男",
      "phone": "01234567812",
      "roles": [
        {
          "roleName": "管理员"
        }
      ]
    },
    {
      "nickName": "用户13",
      "createTime": "2018/08/03 10:03:40",
      "state": 0,
      "sex": "男",
      "phone": "01234567813",
      "roles": [
        {
          "roleName": "游客"
        },
        {
          "roleName": "普通用户"
        }
      ]
    },
    {
      "nickName": "用户14",
      "createTime": "2018/08/04 10:03:40",
      "state": 1,
      "sex": "男",
      "phone": "01234567814",
      "roles": [
        {
          "roleName": "游客"
        },
        {
          "roleName": "管理员"
        }
      ]
    },
    {
      "nickName": "用户15",
      "createTime": "2018/08/05 10:03:40",
      "state": 0,
      "sex": "女",
      "phone": "01234567815",
      "roles": [
        {
          "roleName": "游客"
        }
      ]
    },
    {
      "nickName": "用户16",
      "createTime": "2018/08/06 10:03:40",
      "state": 0,
      "sex": "男",
      "phone": "01234567816",
      "roles": [
        {
          "roleName": "管理员"
        }
      ]
    },
    {
      "nickName": "用户17",
      "createTime": "2018/08/07 10:03:40",
      "state": 1,
      "sex": "男",
      "phone": "01234567817",
      "roles": [
        {
          "roleName": "普通用户"
        }
      ]
    },
    {
      "nickName": "用户18",
      "createTime": "2018/08/08 10:03:40",
      "state": 1,
      "sex": "男",
      "phone": "01234567818",
      "roles": [
        {
          "roleName": "管理员"
        },
        {
          "roleName": "普通用户"
        }
      ]
    },
    {
      "nickName": "用户19",
      "createTime": "2018/08/09 10:03:40",
      "state": 0,
      "sex": "男",
      "phone": "01234567819",
      "roles": [
        {
          "roleName": "普通用户"
        }
      ]
    },
    {
      "nickName": "用户20",
      "createTime": "2018/08/10 10:03:40",
      "state": 0,
      "sex": "女",
      "phone": "01234567820",
      "roles": [
        {
          "roleName": "游客"
        },
        {
          "roleName": "普通用户"
        }
      ]
    },
    {
      "nickName": "用户21",
      "createTime": "2018/08/11 10:03:40",
      "state": 1,
      "sex": "男",
      "phone": "01234567821",
      "roles": [
        {
          "roleName": "游客"
        },
        {
          "roleName": "普通用户"
        }
      ]
    },
    {
      "nickName": "用户22",
      "createTime": "2018/08/12 10:03:40",
      "state": 1,
      "sex": "女",
      "phone": "01234567822",
      "roles": [
        {
          "roleName": "管理员"
        },
        {
          "roleName": "游客"
        }
      ]
    },
    {
      "nickName": "用户23",
      "createTime": "2018/08/13 10:03:40",
      "state": 1,
      "sex": "女",
      "phone": "01234567823",
      "roles": [
        {
          "roleName": "普通用户"
        }
      ]
    },
    {
      "nickName": "用户24",
      "createTime": "2018/08/14 10:03:40",
      "state": 0,
      "sex": "女",
      "phone": "01234567824",
      "roles": [
        {
          "roleName": "管理员"
        },
        {
          "roleName": "普通用户"
        }
      ]
    },
    {
      "nickName": "用户25",
      "createTime": "2018/08/15 10:03:40",
      "state": 1,
      "sex": "男",
      "phone": "01234567825",
      "roles": [
        {
          "roleName": "游客"
        },
        {
          "roleName": "管理员"
        }
      ]
    },
    {
      "nickName": "用户26",
      "createTime": "2018/08/16 10:03:40",
      "state": 1,
      "sex": "男",
      "phone": "01234567826",
      "roles": [
        {
          "roleName": "游客"
        }
      ]
    },
    {
      "nickName": "用户27",
      "createTime": "2018/08/17 10:03:40",
      "state": 1,
      "sex": "男",
      "phone": "01234567827",
      "roles": [
        {
          "roleName": "游客"
        }
      ]
    },
    {
      "nickName": "用户28",
      "createTime": "2018/08/18 10:03:40",
      "state": 1,
      "sex": "男",
      "phone": "01234567828",
      "roles": [
        {
          "roleName": "普通用户"
        }
      ]
    },
    {
      "nickName": "用户29",
      "createTime": "2018/08/19 10:03:40",
      "state": 1,
      "sex": "女",
      "phone": "01234567829",
      "roles": [
        {
          "roleName": "管理员"
        },
        {
          "roleName": "游客"
        }
      ]
    },
    {
      "nickName": "用户30",
      "createTime": "2018/08/20 10:03:40",
      "state": 0,
      "sex": "女",
      "phone": "01234567830",
      "roles": [
        {
          "roleName": "游客"
        },
        {
          "roleName": "普通用户"
        }
      ]
    },
    {
      "nickName": "用户31",
      "createTime": "2018/08/21 10:03:40",
      "state": 0,
      "sex": "女",
      "phone": "01234567831",
      "roles": [
        {
          "roleName": "管理员"
        },
        {
          "roleName": "普通用户"
        }
      ]
    },
    {
      "nickName": "用户32",
      "createTime": "2018/08/22 10:03:40",
      "state": 0,
      "sex": "女",
      "phone": "01234567832",
      "roles": [
        {
          "roleName": "管理员"
        }
      ]
    },
    {
      "nickName": "用户33",
      "createTime": "2018/08/23 10:03:40",
      "state": 0,
      "sex": "男",
      "phone": "01234567833",
      "roles": [
        {
          "roleName": "普通用户"
        },
        {
          "roleName": "游客"
        }
      ]
    },
    {
      "nickName": "用户34",
      "createTime": "2018/08/24 10:03:40",
      "state": 1,
      "sex": "男",
      "phone": "01234567834",
      "roles": [
        {
          "roleName": "普通用户"
        }
      ]
    },
    {
      "nickName": "用户35",
      "createTime": "2018/08/25 10:03:40",
      "state": 0,
      "sex": "女",
      "phone": "01234567835",
      "roles": [
        {
          "roleName": "管理员"
        }
      ]
    },
    {
      "nickName": "用户36",
      "createTime": "2018/08/26 10:03:40",
      "state": 0,
      "sex": "女",
      "phone": "01234567836",
      "roles": [
        {
          "roleName": "管理员"
        }
      ]
    },
    {
      "nickName": "用户37",
      "createTime": "2018/08/27 10:03:40",
      "state": 0,
      "sex": "男",
      "phone": "01234567837",
      "roles": [
        {
          "roleName": "游客"
        },
        {
          "roleName": "普通用户"
        }
      ]
    },
    {
      "nickName": "用户38",
      "createTime": "2018/08/28 10:03:40",
      "state": 1,
      "sex": "女",
      "phone": "01234567838",
      "roles": [
        {
          "roleName": "管理员"
        },
        {
          "roleName": "游客"
        }
      ]
    },
    {
      "nickName": "用户39",
      "createTime": "2018/08/29 10:03:40",
      "state": 0,
      "sex": "男",
      "phone": "01234567839",
      "roles": [
        {
          "roleName": "游客"
        },
        {
          "roleName": "管理员"
        }
      ]
    },
    {
      "nickName": "用户40",
      "createTime": "2018/08/30 10:03:40",
      "state": 0,
      "sex": "女",
      "phone": "01234567840",
      "roles": [
        {
          "roleName": "普通用户"
        }
      ]
    },
    {
      "nickName": "用户41",
      "createTime": "2018/08/31 10:03:40",
      "state": 0,
      "sex": "女",
      "phone": "01234567841",
      "roles": [
        {
          "roleName": "管理员"
        }
      ]
    },
    {
      "nickName": "用户42",
      "createTime": "2018/09/01 10:03:40",
      "state": 1,
      "sex": "女",
      "phone": "01234567842",
      "roles": [
        {
          "roleName": "普通用户"
        }
      ]
    },
    {
      "nickName": "用户43",
      "createTime": "2018/09/02 10:03:40",
      "state": 1,
      "sex": "男",
      "phone": "01234567843",
      "roles": [
        {
          "roleName": "游客"
        }
      ]
    },
    {
      "nickName": "用户44",
      "createTime": "2018/09/03 10:03:40",
      "state": 1,
      "sex": "女",
      "phone": "01234567844",
      "roles": [
        {
          "roleName": "管理员"
        }
      ]
    },
    {
      "nickName": "用户45",
      "createTime": "2018/09/04 10:03:40",
      "state": 1,
      "sex": "女",
      "phone": "01234567845",
      "roles": [
        {
          "roleName": "普通用户"
        },
        {
          "roleName": "管理员"
        }
      ]
    },
    {
      "nickName": "用户46",
      "createTime": "2018/09/05 10:03:40",
      "state": 1,
      "sex": "男",
      "phone": "01234567846",
      "roles": [
        {
          "roleName": "普通用户"
        },
        {
          "roleName": "游客"
        }
      ]
    },
    {
      "nickName": "用户47",
      "createTime": "2018/09/06 10:03:40",
      "state": 0,
      "sex": "女",
      "phone": "01234567847",
      "roles": [
        {
          "roleName": "管理员"
        }
      ]
    },
    {
      "nickName": "用户48",
      "createTime": "2018/09/07 10:03:40",
      "state": 1,
      "sex": "女",
      "phone": "01234567848",
      "roles": [
        {
          "roleName": "游客"
        }
      ]
    },
    {
      "nickName": "用户49",
      "createTime": "2018/09/08 10:03:40",
      "state": 1,
      "sex": "男",
      "phone": "01234567849",
      "roles": [
        {
          "roleName": "管理员"
        }
      ]
    },
    {
      "nickName": "用户50",
      "createTime": "2018/09/09 10:03:40",
      "state": 1,
      "sex": "男",
      "phone": "01234567850",
      "roles": [
        {
          "roleName": "普通用户"
        },
        {
          "roleName": "游客"
        }
      ]
    },
    {
      "nickName": "用户51",
      "createTime": "2018/09/10 10:03:40",
      "state": 1,
      "sex": "女",
      "phone": "01234567851",
      "roles": [
        {
          "roleName": "普通用户"
        }
      ]
    },
    {
      "nickName": "用户52",
      "createTime": "2018/09/11 10:03:40",
      "state": 1,
      "sex": "男",
      "phone": "01234567852",
      "roles": [
        {
          "roleName": "管理员"
        }
      ]
    },
    {
      "nickName": "用户53",
      "createTime": "2018/09/12 10:03:40",
      "state": 0,
      "sex": "男",
      "phone": "01234567853",
      "roles": [
        {
          "roleName": "游客"
        }
      ]
    },
    {
      "nickName": "用户54",
      "createTime": "2018/09/13 10:03:40",
      "state": 1,
      "sex": "女",
      "phone": "01234567854",
      "roles": [
        {
          "roleName": "游客"
        }
      ]
    },
    {
      "nickName": "用户55",
      "createTime": "2018/09/14 10:03:40",
      "state": 1,
      "sex": "女",
      "phone": "01234567855",
      "roles": [
        {
          "roleName": "管理员"
        }
      ]
    },
    {
      "nickName": "用户56",
      "createTime": "2018/09/15 10:03:40",
      "state": 1,
      "sex": "女",
      "phone": "01234567856",
      "roles": [
        {
          "roleName": "管理员"
        },
        {
          "roleName": "普通用户"
        }
      ]
    },
    {
      "nickName": "用户57",
      "createTime": "2018/09/16 10:03:40",
      "state": 1,
      "sex": "女",
      "phone": "01234567857",
      "roles": [
        {
          "roleName": "管理员"
        }
      ]
    },
    {
      "nickName": "用户58",
      "createTime": "2018/09/17 10:03:40",
      "state": 1,
      "sex": "男",
      "phone": "01234567858",
      "roles": [
        {
          "roleName": "管理员"
        },
        {
          "roleName": "游客"
        }
      ]
    },
    {
      "nickName": "用户59",
      "createTime": "2018/09/18 10:03:40",
      "state": 0,
      "sex": "男",
      "phone": "01234567859",
      "roles": [
        {
          "roleName": "管理员"
        }
      ]
    },
    {
      "nickName": "用户60",
      "createTime": "2018/09/19 10:03:40",
      "state": 0,
      "sex": "女",
      "phone": "01234567860",
      "roles": [
        {
          "roleName": "普通用户"
        }
      ]
    },
    {
      "nickName": "用户61",
      "createTime": "2018/09/20 10:03:40",
      "state": 0,
      "sex": "男",
      "phone": "01234567861",
      "roles": [
        {
          "roleName": "普通用户"
        }
      ]
    },
    {
      "nickName": "用户62",
      "createTime": "2018/09/21 10:03:40",
      "state": 0,
      "sex": "女",
      "phone": "01234567862",
      "roles": [
        {
          "roleName": "游客"
        }
      ]
    },
    {
      "nickName": "用户63",
      "createTime": "2018/09/22 10:03:40",
      "state": 0,
      "sex": "男",
      "phone": "01234567863",
      "roles": [
        {
          "roleName": "管理员"
        },
        {
          "roleName": "游客"
        }
      ]
    },
    {
      "nickName": "用户64",
      "createTime": "2018/09/23 10:03:40",
      "state": 1,
      "sex": "女",
      "phone": "01234567864",
      "roles": [
        {
          "roleName": "普通用户"
        },
        {
          "roleName": "管理员"
        }
      ]
    },
    {
      "nickName": "用户65",
      "createTime": "2018/09/24 10:03:40",
      "state": 0,
      "sex": "女",
      "phone": "01234567865",
      "roles": [
        {
          "roleName": "游客"
        },
        {
          "roleName": "管理员"
        }
      ]
    },
    {
      "nickName": "用户66",
      "createTime": "2018/09/25 10:03:40",
      "state": 1,
      "sex": "女",
      "phone": "01234567866",
      "roles": [
        {
          "roleName": "普通用户"
        }
      ]
    },
    {
      "nickName": "用户67",
      "createTime": "2018/09/26 10:03:40",
      "state": 0,
      "sex": "女",
      "phone": "01234567867",
      "roles": [
        {
          "roleName": "普通用户"
        }
      ]
    },
    {
      "nickName": "用户68",
      "createTime": "2018/09/27 10:03:40",
      "state": 0,
      "sex": "男",
      "phone": "01234567868",
      "roles": [
        {
          "roleName": "普通用户"
        }
      ]
    },
    {
      "nickName": "用户69",
      "createTime": "2018/09/28 10:03:40",
      "state": 0,
      "sex": "女",
      "phone": "01234567869",
      "roles": [
        {
          "roleName": "普通用户"
        }
      ]
    },
    {
      "nickName": "用户70",
      "createTime": "2018/09/29 10:03:40",
      "state": 1,
      "sex": "男",
      "phone": "01234567870",
      "roles": [
        {
          "roleName": "游客"
        },
        {
          "roleName": "普通用户"
        }
      ]
    },
    {
      "nickName": "用户71",
      "createTime": "2018/09/30 10:03:40",
      "state": 1,
      "sex": "男",
      "phone": "01234567871",
      "roles": [
        {
          "roleName": "普通用户"
        },
        {
          "roleName": "游客"
        }
      ]
    },
    {
      "nickName": "用户72",
      "createTime": "2018/10/01 10:03:40",
      "state": 0,
      "sex": "男",
      "phone": "01234567872",
      "roles": [
        {
          "roleName": "游客"
        }
      ]
    },
    {
      "nickName": "用户73",
      "createTime": "2018/10/02 10:03:40",
      "state": 1,
      "sex": "男",
      "phone": "01234567873",
      "roles": [
        {
          "roleName": "管理员"
        }
      ]
    },
    {
      "nickName": "用户74",
      "createTime": "2018/10/03 10:03:40",
      "state": 0,
      "sex": "男",
      "phone": "01234567874",
      "roles": [
        {
          "roleName": "游客"
        }
      ]
    },
    {
      "nickName": "用户75",
      "createTime": "2018/10/04 10:03:40",
      "state": 0,
      "sex": "女",
      "phone": "01234567875",
      "roles": [
        {
          "roleName": "普通用户"
        }
      ]
    },
    {
      "nickName": "用户76",
      "createTime": "2018/10/05 10:03:40",
      "state": 0,
      "sex": "女",
      "phone": "01234567876",
      "roles": [
        {
          "roleName": "普通用户"
        }
      ]
    },
    {
      "nickName": "用户77",
      "createTime": "2018/10/06 10:03:40",
      "state": 0,
      "sex": "男",
      "phone": "01234567877",
      "roles": [
        {
          "roleName": "游客"
        }
      ]
    },
    {
      "nickName": "用户78",
      "createTime": "2018/10/07 10:03:40",
      "state": 1,
      "sex": "女",
      "phone": "01234567878",
      "roles": [
        {
          "roleName": "管理员"
        }
      ]
    },
    {
      "nickName": "用户79",
      "createTime": "2018/10/08 10:03:40",
      "state": 1,
      "sex": "女",
      "phone": "01234567879",
      "roles": [
        {
          "roleName": "普通用户"
        },
        {
          "roleName": "管理员"
        }
      ]
    },
    {
      "nickName": "用户80",
      "createTime": "2018/10/09 10:03:40",
      "state": 0,
      "sex": "女",
      "phone": "01234567880",
      "roles": [
        {
          "roleName": "游客"
        },
        {
          "roleName": "普通用户"
        }
      ]
    },
    {
      "nickName": "用户81",
      "createTime": "2018/10/10 10:03:40",
      "state": 0,
      "sex": "女",
      "phone": "01234567881",
      "roles": [
        {
          "roleName": "普通用户"
        }
      ]
    },
    {
      "nickName": "用户82",
      "createTime": "2018/10/11 10:03:40",
      "state": 1,
      "sex": "女",
      "phone": "01234567882",
      "roles": [
        {
          "roleName": "管理员"
        },
        {
          "roleName": "普通用户"
        }
      ]
    },
    {
      "nickName": "用户83",
      "createTime": "2018/10/12 10:03:40",
      "state": 1,
      "sex": "女",
      "phone": "01234567883",
      "roles": [
        {
          "roleName": "游客"
        }
      ]
    },
    {
      "nickName": "用户84",
      "createTime": "2018/10/13 10:03:40",
      "state": 0,
      "sex": "女",
      "phone": "01234567884",
      "roles": [
        {
          "roleName": "游客"
        }
      ]
    },
    {
      "nickName": "用户85",
      "createTime": "2018/10/14 10:03:40",
      "state": 0,
      "sex": "女",
      "phone": "01234567885",
      "roles": [
        {
          "roleName": "管理员"
        }
      ]
    },
    {
      "nickName": "用户86",
      "createTime": "2018/10/15 10:03:40",
      "state": 0,
      "sex": "女",
      "phone": "01234567886",
      "roles": [
        {
          "roleName": "游客"
        }
      ]
    },
    {
      "nickName": "用户87",
      "createTime": "2018/10/16 10:03:40",
      "state": 1,
      "sex": "女",
      "phone": "01234567887",
      "roles": [
        {
          "roleName": "管理员"
        },
        {
          "roleName": "游客"
        }
      ]
    },
    {
      "nickName": "用户88",
      "createTime": "2018/10/17 10:03:40",
      "state": 1,
      "sex": "男",
      "phone": "01234567888",
      "roles": [
        {
          "roleName": "普通用户"
        }
      ]
    },
    {
      "nickName": "用户89",
      "createTime": "2018/10/18 10:03:40",
      "state": 0,
      "sex": "男",
      "phone": "01234567889",
      "roles": [
        {
          "roleName": "游客"
        }
      ]
    },
    {
      "nickName": "用户90",
      "createTime": "2018/10/19 10:03:40",
      "state": 1,
      "sex": "男",
      "phone": "01234567890",
      "roles": [
        {
          "roleName": "游客"
        }
      ]
    },
    {
      "nickName": "用户91",
      "createTime": "2018/10/20 10:03:40",
      "state": 1,
      "sex": "女",
      "phone": "01234567891",
      "roles": [
        {
          "roleName": "游客"
        },
        {
          "roleName": "普通用户"
        }
      ]
    },
    {
      "nickName": "用户92",
      "createTime": "2018/10/21 10:03:40",
      "state": 1,
      "sex": "女",
      "phone": "01234567892",
      "roles": [
        {
          "roleName": "普通用户"
        }
      ]
    },
    {
      "nickName": "用户93",
      "createTime": "2018/10/22 10:03:40",
      "state": 0,
      "sex": "男",
      "phone": "01234567893",
      "roles": [
        {
          "roleName": "游客"
        },
        {
          "roleName": "管理员"
        }
      ]
    },
    {
      "nickName": "用户94",
      "createTime": "2018/10/23 10:03:40",
      "state": 0,
      "sex": "男",
      "phone": "01234567894",
      "roles": [
        {
          "roleName": "普通用户"
        }
      ]
    },
    {
      "nickName": "用户95",
      "createTime": "2018/10/24 10:03:40",
      "state": 0,
      "sex": "男",
      "phone": "01234567895",
      "roles": [
        {
          "roleName": "游客"
        }
      ]
    },
    {
      "nickName": "用户96",
      "createTime": "2018/10/25 10:03:40",
      "state": 1,
      "sex": "女",
      "phone": "01234567896",
      "roles": [
        {
          "roleName": "游客"
        },
        {
          "roleName": "普通用户"
        }
      ]
    },
    {
      "nickName": "用户97",
      "createTime": "2018/10/26 10:03:40",
      "state": 1,
      "sex": "女",
      "phone": "01234567897",
      "roles": [
        {
          "roleName": "普通用户"
        }
      ]
    },
    {
      "nickName": "用户98",
      "createTime": "2018/10/27 10:03:40",
      "state": 1,
      "sex": "男",
      "phone": "01234567898",
      "roles": [
        {
          "roleName": "管理员"
        }
      ]
    },
    {
      "nickName": "用户99",
      "createTime": "2018/10/28 10:03:40",
      "state": 0,
      "sex": "男",
      "phone": "01234567899",
      "roles": [
        {
          "roleName": "普通用户"
        },
        {
          "roleName": "游客"
        }
      ]
    },
    {
      "nickName": "用户100",
      "createTime": "2018/10/29 10:03:40",
      "state": 1,
      "sex": "女",
      "phone": "012345678100",
      "roles": [
        {
          "roleName": "游客"
        },
        {
          "roleName": "管理员"
        }
      ]
    },
    {
      "nickName": "用户101",
      "createTime": "2018/10/30 10:03:40",
      "state": 1,
      "sex": "男",
      "phone": "012345678101",
      "roles": [
        {
          "roleName": "管理员"
        }
      ]
    },
    {
      "nickName": "用户102",
      "createTime": "2018/10/31 10:03:40",
      "state": 0,
      "sex": "男",
      "phone": "012345678102",
      "roles": [
        {
          "roleName": "普通用户"
        }
      ]
    },
    {
      "nickName": "用户103",
      "createTime": "2018/11/01 10:03:40",
      "state": 0,
      "sex": "男",
      "phone": "012345678103",
      "roles": [
        {
          "roleName": "游客"
        }
      ]
    },
    {
      "nickName": "用户104",
      "createTime": "2018/11/02 10:03:40",
      "state": 1,
      "sex": "女",
      "phone": "012345678104",
      "roles": [
        {
          "roleName": "游客"
        }
      ]
    },
    {
      "nickName": "用户105",
      "createTime": "2018/11/03 10:03:40",
      "state": 1,
      "sex": "女",
      "phone": "012345678105",
      "roles": [
        {
          "roleName": "管理员"
        }
      ]
    },
    {
      "nickName": "用户106",
      "createTime": "2018/11/04 10:03:40",
      "state": 1,
      "sex": "女",
      "phone": "012345678106",
      "roles": [
        {
          "roleName": "游客"
        }
      ]
    },
    {
      "nickName": "用户107",
      "createTime": "2018/11/05 10:03:40",
      "state": 0,
      "sex": "女",
      "phone": "012345678107",
      "roles": [
        {
          "roleName": "管理员"
        }
      ]
    },
    {
      "nickName": "用户108",
      "createTime": "2018/11/06 10:03:40",
      "state": 1,
      "sex": "男",
      "phone": "012345678108",
      "roles": [
        {
          "roleName": "普通用户"
        }
      ]
    },
    {
      "nickName": "用户109",
      "createTime": "2018/11/07 10:03:40",
      "state": 1,
      "sex": "女",
      "phone": "012345678109",
      "roles": [
        {
          "roleName": "游客"
        }
      ]
    },
    {
      "nickName": "用户110",
      "createTime": "2018/11/08 10:03:40",
      "state": 0,
      "sex": "男",
      "phone": "012345678110",
      "roles": [
        {
          "roleName": "管理员"
        }
      ]
    },
    {
      "nickName": "用户111",
      "createTime": "2018/11/09 10:03:40",
      "state": 0,
      "sex": "男",
      "phone": "012345678111",
      "roles": [
        {
          "roleName": "游客"
        }
      ]
    },
    {
      "nickName": "用户112",
      "createTime": "2018/11/10 10:03:40",
      "state": 1,
      "sex": "女",
      "phone": "012345678112",
      "roles": [
        {
          "roleName": "管理员"
        }
      ]
    },
    {
      "nickName": "用户113",
      "createTime": "2018/11/11 10:03:40",
      "state": 0,
      "sex": "男",
      "phone": "012345678113",
      "roles": [
        {
          "roleName": "管理员"
        },
        {
          "roleName": "普通用户"
        }
      ]
    },
    {
      "nickName": "用户114",
      "createTime": "2018/11/12 10:03:40",
      "state": 1,
      "sex": "女",
      "phone": "012345678114",
      "roles": [
        {
          "roleName": "管理员"
        }
      ]
    },
    {
      "nickName": "用户115",
      "createTime": "2018/11/13 10:03:40",
      "state": 1,
      "sex": "女",
      "phone": "012345678115",
      "roles": [
        {
          "roleName": "游客"
        }
      ]
    },
    {
      "nickName": "用户116",
      "createTime": "2018/11/14 10:03:40",
      "state": 0,
      "sex": "男",
      "phone": "012345678116",
      "roles": [
        {
          "roleName": "管理员"
        },
        {
          "roleName": "游客"
        }
      ]
    },
    {
      "nickName": "用户117",
      "createTime": "2018/11/15 10:03:40",
      "state": 1,
      "sex": "男",
      "phone": "012345678117",
      "roles": [
        {
          "roleName": "普通用户"
        }
      ]
    },
    {
      "nickName": "用户118",
      "createTime": "2018/11/16 10:03:40",
      "state": 1,
      "sex": "女",
      "phone": "012345678118",
      "roles": [
        {
          "roleName": "普通用户"
        }
      ]
    },
    {
      "nickName": "用户119",
      "createTime": "2018/11/17 10:03:40",
      "state": 0,
      "sex": "男",
      "phone": "012345678119",
      "roles": [
        {
          "roleName": "普通用户"
        }
      ]
    },
    {
      "nickName": "用户120",
      "createTime": "2018/11/18 10:03:40",
      "state": 0,
      "sex": "男",
      "phone": "012345678120",
      "roles": [
        {
          "roleName": "游客"
        }
      ]
    },
    {
      "nickName": "用户121",
      "createTime": "2018/11/19 10:03:40",
      "state": 1,
      "sex": "男",
      "phone": "012345678121",
      "roles": [
        {
          "roleName": "游客"
        }
      ]
    },
    {
      "nickName": "用户122",
      "createTime": "2018/11/20 10:03:40",
      "state": 1,
      "sex": "男",
      "phone": "012345678122",
      "roles": [
        {
          "roleName": "游客"
        }
      ]
    },
    {
      "nickName": "用户123",
      "createTime": "2018/11/21 10:03:40",
      "state": 0,
      "sex": "男",
      "phone": "012345678123",
      "roles": [
        {
          "roleName": "管理员"
        }
      ]
    },
    {
      "nickName": "用户124",
      "createTime": "2018/11/22 10:03:40",
      "state": 1,
      "sex": "男",
      "phone": "012345678124",
      "roles": [
        {
          "roleName": "管理员"
        },
        {
          "roleName": "普通用户"
        }
      ]
    },
    {
      "nickName": "用户125",
      "createTime": "2018/11/23 10:03:40",
      "state": 1,
      "sex": "女",
      "phone": "012345678125",
      "roles": [
        {
          "roleName": "游客"
        }
      ]
    },
    {
      "nickName": "用户126",
      "createTime": "2018/11/24 10:03:40",
      "state": 0,
      "sex": "男",
      "phone": "012345678126",
      "roles": [
        {
          "roleName": "普通用户"
        }
      ]
    },
    {
      "nickName": "用户127",
      "createTime": "2018/11/25 10:03:40",
      "state": 0,
      "sex": "女",
      "phone": "012345678127",
      "roles": [
        {
          "roleName": "游客"
        }
      ]
    },
    {
      "nickName": "用户128",
      "createTime": "2018/11/26 10:03:40",
      "state": 1,
      "sex": "男",
      "phone": "012345678128",
      "roles": [
        {
          "roleName": "游客"
        },
        {
          "roleName": "普通用户"
        }
      ]
    },
    {
      "nickName": "用户129",
      "createTime": "2018/11/27 10:03:40",
      "state": 1,
      "sex": "男",
      "phone": "012345678129",
      "roles": [
        {
          "roleName": "游客"
        }
      ]
    },
    {
      "nickName": "用户130",
      "createTime": "2018/11/28 10:03:40",
      "state": 1,
      "sex": "女",
      "phone": "012345678130",
      "roles": [
        {
          "roleName": "普通用户"
        },
        {
          "roleName": "管理员"
        }
      ]
    },
    {
      "nickName": "用户131",
      "createTime": "2018/11/29 10:03:40",
      "state": 0,
      "sex": "女",
      "phone": "012345678131",
      "roles": [
        {
          "roleName": "游客"
        }
      ]
    },
    {
      "nickName": "用户132",
      "createTime": "2018/11/30 10:03:40",
      "state": 1,
      "sex": "女",
      "phone": "012345678132",
      "roles": [
        {
          "roleName": "游客"
        }
      ]
    },
    {
      "nickName": "用户133",
      "createTime": "2018/12/01 10:03:40",
      "state": 0,
      "sex": "男",
      "phone": "012345678133",
      "roles": [
        {
          "roleName": "游客"
        }
      ]
    },
    {
      "nickName": "用户134",
      "createTime": "2018/12/02 10:03:40",
      "state": 0,
      "sex": "男",
      "phone": "012345678134",
      "roles": [
        {
          "roleName": "普通用户"
        }
      ]
    },
    {
      "nickName": "用户135",
      "createTime": "2018/12/03 10:03:40",
      "state": 1,
      "sex": "男",
      "phone": "012345678135",
      "roles": [
        {
          "roleName": "管理员"
        },
        {
          "roleName": "游客"
        }
      ]
    },
    {
      "nickName": "用户136",
      "createTime": "2018/12/04 10:03:40",
      "state": 1,
      "sex": "男",
      "phone": "012345678136",
      "roles": [
        {
          "roleName": "游客"
        },
        {
          "roleName": "管理员"
        }
      ]
    },
    {
      "nickName": "用户137",
      "createTime": "2018/12/05 10:03:40",
      "state": 0,
      "sex": "男",
      "phone": "012345678137",
      "roles": [
        {
          "roleName": "管理员"
        }
      ]
    },
    {
      "nickName": "用户138",
      "createTime": "2018/12/06 10:03:40",
      "state": 1,
      "sex": "男",
      "phone": "012345678138",
      "roles": [
        {
          "roleName": "游客"
        },
        {
          "roleName": "普通用户"
        }
      ]
    },
    {
      "nickName": "用户139",
      "createTime": "2018/12/07 10:03:40",
      "state": 1,
      "sex": "男",
      "phone": "012345678139",
      "roles": [
        {
          "roleName": "游客"
        }
      ]
    },
    {
      "nickName": "用户140",
      "createTime": "2018/12/08 10:03:40",
      "state": 0,
      "sex": "女",
      "phone": "012345678140",
      "roles": [
        {
          "roleName": "游客"
        },
        {
          "roleName": "管理员"
        }
      ]
    },
    {
      "nickName": "用户141",
      "createTime": "2018/12/09 10:03:40",
      "state": 0,
      "sex": "女",
      "phone": "012345678141",
      "roles": [
        {
          "roleName": "管理员"
        },
        {
          "roleName": "普通用户"
        }
      ]
    },
    {
      "nickName": "用户142",
      "createTime": "2018/12/10 10:03:40",
      "state": 1,
      "sex": "男",
      "phone": "012345678142",
      "roles": [
        {
          "roleName": "游客"
        }
      ]
    },
    {
      "nickName": "用户143",
      "createTime": "2018/12/11 10:03:40",
      "state": 0,
      "sex": "男",
      "phone": "012345678143",
      "roles": [
        {
          "roleName": "普通用户"
        }
      ]
    },
    {
      "nickName": "用户144",
      "createTime": "2018/12/12 10:03:40",
      "state": 0,
      "sex": "女",
      "phone": "012345678144",
      "roles": [
        {
          "roleName": "普通用户"
        },
        {
          "roleName": "管理员"
        }
      ]
    },
    {
      "nickName": "用户145",
      "createTime": "2018/12/13 10:03:40",
      "state": 1,
      "sex": "女",
      "phone": "012345678145",
      "roles": [
        {
          "roleName": "普通用户"
        }
      ]
    },
    {
      "nickName": "用户146",
      "createTime": "2018/12/14 10:03:40",
      "state": 1,
      "sex": "女",
      "phone": "012345678146",
      "roles": [
        {
          "roleName": "游客"
        }
      ]
    },
    {
      "nickName": "用户147",
      "createTime": "2018/12/15 10:03:40",
      "state": 1,
      "sex": "女",
      "phone": "012345678147",
      "roles": [
        {
          "roleName": "普通用户"
        },
        {
          "roleName": "游客"
        }
      ]
    },
    {
      "nickName": "用户148",
      "createTime": "2018/12/16 10:03:40",
      "state": 0,
      "sex": "女",
      "phone": "012345678148",
      "roles": [
        {
          "roleName": "游客"
        },
        {
          "roleName": "普通用户"
        }
      ]
    },
    {
      "nickName": "用户149",
      "createTime": "2018/12/17 10:03:40",
      "state": 1,
      "sex": "男",
      "phone": "012345678149",
      "roles": [
        {
          "roleName": "普通用户"
        }
      ]
    },
    {
      "nickName": "用户150",
      "createTime": "2018/12/18 10:03:40",
      "state": 0,
      "sex": "女",
      "phone": "012345678150",
      "roles": [
        {
          "roleName": "普通用户"
        },
        {
          "roleName": "游客"
        }
      ]
    },
    {
      "nickName": "用户151",
      "createTime": "2018/12/19 10:03:40",
      "state": 0,
      "sex": "男",
      "phone": "012345678151",
      "roles": [
        {
          "roleName": "普通用户"
        }
      ]
    },
    {
      "nickName": "用户152",
      "createTime": "2018/12/20 10:03:40",
      "state": 1,
      "sex": "女",
      "phone": "012345678152",
      "roles": [
        {
          "roleName": "管理员"
        },
        {
          "roleName": "游客"
        }
      ]
    },
    {
      "nickName": "用户153",
      "createTime": "2018/12/21 10:03:40",
      "state": 0,
      "sex": "女",
      "phone": "012345678153",
      "roles": [
        {
          "roleName": "管理员"
        }
      ]
    },
    {
      "nickName": "用户154",
      "createTime": "2018/12/22 10:03:40",
      "state": 0,
      "sex": "女",
      "phone": "012345678154",
      "roles": [
        {
          "roleName": "游客"
        }
      ]
    },
    {
      "nickName": "用户155",
      "createTime": "2018/12/23 10:03:40",
      "state": 0,
      "sex": "女",
      "phone": "012345678155",
      "roles": [
        {
          "roleName": "普通用户"
        }
      ]
    },
    {
      "nickName": "用户156",
      "createTime": "2018/12/24 10:03:40",
      "state": 0,
      "sex": "男",
      "phone": "012345678156",
      "roles": [
        {
          "roleName": "普通用户"
        }
      ]
    },
    {
      "nickName": "用户157",
      "createTime": "2018/12/25 10:03:40",
      "state": 0,
      "sex": "男",
      "phone": "012345678157",
      "roles": [
        {
          "roleName": "游客"
        }
      ]
    },
    {
      "nickName": "用户158",
      "createTime": "2018/12/26 10:03:40",
      "state": 0,
      "sex": "男",
      "phone": "012345678158",
      "roles": [
        {
          "roleName": "游客"
        }
      ]
    },
    {
      "nickName": "用户159",
      "createTime": "2018/12/27 10:03:40",
      "state": 0,
      "sex": "女",
      "phone": "012345678159",
      "roles": [
        {
          "roleName": "管理员"
        }
      ]
    },
    {
      "nickName": "用户160",
      "createTime": "2018/12/28 10:03:40",
      "state": 1,
      "sex": "女",
      "phone": "012345678160",
      "roles": [
        {
          "roleName": "游客"
        },
        {
          "roleName": "普通用户"
        }
      ]
    },
    {
      "nickName": "用户161",
      "createTime": "2018/12/29 10:03:40",
      "state": 0,
      "sex": "女",
      "phone": "012345678161",
      "roles": [
        {
          "roleName": "游客"
        },
        {
          "roleName": "管理员"
        }
      ]
    },
    {
      "nickName": "用户162",
      "createTime": "2018/12/30 10:03:40",
      "state": 0,
      "sex": "女",
      "phone": "012345678162",
      "roles": [
        {
          "roleName": "管理员"
        }
      ]
    },
    {
      "nickName": "用户163",
      "createTime": "2018/12/31 10:03:40",
      "state": 0,
      "sex": "男",
      "phone": "012345678163",
      "roles": [
        {
          "roleName": "游客"
        }
      ]
    },
    {
      "nickName": "用户164",
      "createTime": "2019/01/01 10:03:40",
      "state": 0,
      "sex": "男",
      "phone": "012345678164",
      "roles": [
        {
          "roleName": "游客"
        }
      ]
    },
    {
      "nickName": "用户165",
      "createTime": "2019/01/02 10:03:40",
      "state": 0,
      "sex": "女",
      "phone": "012345678165",
      "roles": [
        {
          "roleName": "游客"
        }
      ]
    },
    {
      "nickName": "用户166",
      "createTime": "2019/01/03 10:03:40",
      "state": 0,
      "sex": "男",
      "phone": "012345678166",
      "roles": [
        {
          "roleName": "普通用户"
        }
      ]
    },
    {
      "nickName": "用户167",
      "createTime": "2019/01/04 10:03:40",
      "state": 1,
      "sex": "男",
      "phone": "012345678167",
      "roles": [
        {
          "roleName": "游客"
        },
        {
          "roleName": "普通用户"
        }
      ]
    },
    {
      "nickName": "用户168",
      "createTime": "2019/01/05 10:03:40",
      "state": 0,
      "sex": "男",
      "phone": "012345678168",
      "roles": [
        {
          "roleName": "游客"
        }
      ]
    },
    {
      "nickName": "用户169",
      "createTime": "2019/01/06 10:03:40",
      "state": 1,
      "sex": "男",
      "phone": "012345678169",
      "roles": [
        {
          "roleName": "普通用户"
        },
        {
          "roleName": "管理员"
        }
      ]
    },
    {
      "nickName": "用户170",
      "createTime": "2019/01/07 10:03:40",
      "state": 1,
      "sex": "女",
      "phone": "012345678170",
      "roles": [
        {
          "roleName": "管理员"
        }
      ]
    },
    {
      "nickName": "用户171",
      "createTime": "2019/01/08 10:03:40",
      "state": 1,
      "sex": "男",
      "phone": "012345678171",
      "roles": [
        {
          "roleName": "游客"
        },
        {
          "roleName": "普通用户"
        }
      ]
    },
    {
      "nickName": "用户172",
      "createTime": "2019/01/09 10:03:40",
      "state": 0,
      "sex": "女",
      "phone": "012345678172",
      "roles": [
        {
          "roleName": "游客"
        }
      ]
    },
    {
      "nickName": "用户173",
      "createTime": "2019/01/10 10:03:40",
      "state": 1,
      "sex": "女",
      "phone": "012345678173",
      "roles": [
        {
          "roleName": "管理员"
        }
      ]
    },
    {
      "nickName": "用户174",
      "createTime": "2019/01/11 10:03:40",
      "state": 0,
      "sex": "男",
      "phone": "012345678174",
      "roles": [
        {
          "roleName": "普通用户"
        },
        {
          "roleName": "游客"
        }
      ]
    },
    {
      "nickName": "用户175",
      "createTime": "2019/01/12 10:03:40",
      "state": 1,
      "sex": "女",
      "phone": "012345678175",
      "roles": [
        {
          "roleName": "游客"
        }
      ]
    },
    {
      "nickName": "用户176",
      "createTime": "2019/01/13 10:03:40",
      "state": 0,
      "sex": "女",
      "phone": "012345678176",
      "roles": [
        {
          "roleName": "普通用户"
        },
        {
          "roleName": "游客"
        }
      ]
    },
    {
      "nickName": "用户177",
      "createTime": "2019/01/14 10:03:40",
      "state": 1,
      "sex": "女",
      "phone": "012345678177",
      "roles": [
        {
          "roleName": "管理员"
        },
        {
          "roleName": "游客"
        }
      ]
    },
    {
      "nickName": "用户178",
      "createTime": "2019/01/15 10:03:40",
      "state": 0,
      "sex": "男",
      "phone": "012345678178",
      "roles": [
        {
          "roleName": "游客"
        },
        {
          "roleName": "普通用户"
        }
      ]
    },
    {
      "nickName": "用户179",
      "createTime": "2019/01/16 10:03:40",
      "state": 0,
      "sex": "女",
      "phone": "012345678179",
      "roles": [
        {
          "roleName": "游客"
        }
      ]
    },
    {
      "nickName": "用户180",
      "createTime": "2019/01/17 10:03:40",
      "state": 0,
      "sex": "男",
      "phone": "012345678180",
      "roles": [
        {
          "roleName": "游客"
        }
      ]
    },
    {
      "nickName": "用户181",
      "createTime": "2019/01/18 10:03:40",
      "state": 1,
      "sex": "女",
      "phone": "012345678181",
      "roles": [
        {
          "roleName": "游客"
        },
        {
          "roleName": "普通用户"
        }
      ]
    },
    {
      "nickName": "用户182",
      "createTime": "2019/01/19 10:03:40",
      "state": 0,
      "sex": "女",
      "phone": "012345678182",
      "roles": [
        {
          "roleName": "游客"
        }
      ]
    },
    {
      "nickName": "用户183",
      "createTime": "2019/01/20 10:03:40",
      "state": 0,
      "sex": "女",
      "phone": "012345678183",
      "roles": [
        {
          "roleName": "管理员"
        },
        {
          "roleName": "游客"
        }
      ]
    },
    {
      "nickName": "用户184",
      "createTime": "2019/01/21 10:03:40",
      "state": 0,
      "sex": "男",
      "phone": "012345678184",
      "roles": [
        {
          "roleName": "游客"
        }
      ]
    },
    {
      "nickName": "用户185",
      "createTime": "2019/01/22 10:03:40",
      "state": 1,
      "sex": "男",
      "phone": "012345678185",
      "roles": [
        {
          "roleName": "管理员"
        }
      ]
    },
    {
      "nickName": "用户186",
      "createTime": "2019/01/23 10:03:40",
      "state": 0,
      "sex": "女",
      "phone": "012345678186",
      "roles": [
        {
          "roleName": "管理员"
        }
      ]
    },
    {
      "nickName": "用户187",
      "createTime": "2019/01/24 10:03:40",
      "state": 1,
      "sex": "女",
      "phone": "012345678187",
      "roles": [
        {
          "roleName": "游客"
        }
      ]
    },
    {
      "nickName": "用户188",
      "createTime": "2019/01/25 10:03:40",
      "state": 0,
      "sex": "女",
      "phone": "012345678188",
      "roles": [
        {
          "roleName": "游客"
        }
      ]
    },
    {
      "nickName": "用户189",
      "createTime": "2019/01/26 10:03:40",
      "state": 0,
      "sex": "男",
      "phone": "012345678189",
      "roles": [
        {
          "roleName": "游客"
        }
      ]
    },
    {
      "nickName": "用户190",
      "createTime": "2019/01/27 10:03:40",
      "state": 0,
      "sex": "女",
      "phone": "012345678190",
      "roles": [
        {
          "roleName": "管理员"
        },
        {
          "roleName": "游客"
        }
      ]
    },
    {
      "nickName": "用户191",
      "createTime": "2019/01/28 10:03:40",
      "state": 1,
      "sex": "女",
      "phone": "012345678191",
      "roles": [
        {
          "roleName": "普通用户"
        }
      ]
    },
    {
      "nickName": "用户192",
      "createTime": "2019/01/29 10:03:40",
      "state": 0,
      "sex": "女",
      "phone": "012345678192",
      "roles": [
        {
          "roleName": "游客"
        }
      ]
    },
    {
      "nickName": "用户193",
      "createTime": "2019/01/30 10:03:40",
      "state": 1,
      "sex": "男",
      "phone": "012345678193",
      "roles": [
        {
          "roleName": "普通用户"
        }
      ]
    },
    {
      "nickName": "用户194",
      "createTime": "2019/01/31 10:03:40",
      "state": 0,
      "sex": "男",
      "phone": "012345678194",
      "roles": [
        {
          "roleName": "游客"
        },
        {
          "roleName": "普通用户"
        }
      ]
    },
    {
      "nickName": "用户195",
      "createTime": "2019/02/01 10:03:40",
      "state": 0,
      "sex": "女",
      "phone": "012345678195",
      "roles": [
        {
          "roleName": "游客"
        },
        {
          "roleName": "管理员"
        }
      ]
    },
    {
      "nickName": "用户196",
      "createTime": "2019/02/02 10:03:40",
      "state": 1,
      "sex": "男",
      "phone": "012345678196",
      "roles": [
        {
          "roleName": "游客"
        },
        {
          "roleName": "普通用户"
        }
      ]
    },
    {
      "nickName": "用户197",
      "createTime": "2019/02/03 10:03:40",
      "state": 0,
      "sex": "男",
      "phone": "012345678197",
      "roles": [
        {
          "roleName": "游客"
        }
      ]
    },
    {
      "nickName": "用户198",
      "createTime": "2019/02/04 10:03:40",
      "state": 0,
      "sex": "男",
      "phone": "012345678198",
      "roles": [
        {
          "roleName": "普通用户"
        }
      ]
    },
    {
      "nickName": "用户199",
      "createTime": "2019/02/05 10:03:40",
      "state": 0,
      "sex": "男",
      "phone": "012345678199",
      "roles": [
        {
          "roleName": "普通用户"
        }
      ]
    },
    {
      "nickName": "用户200",
      "createTime": "2019/02/06 10:03:40",
      "state": 1,
      "sex": "男",
      "phone": "012345678200",
      "roles": [
        {
          "roleName": "普通用户"
        },
        {
          "roleName": "游客"
        }
      ]
    }
  ]
}